shape,epochs,years,cum_top1_quenched,cum_top1_naive,p_mean,p_sem,p_s,theory_draws
1.3333333333333333,1,0.012320328542094456,0.6159398729279467,0.6159398729279467,0.6159398729279467,0.01137291036891324,0.1,1000
1.3333333333333333,2,0.024640657084188913,0.7232840716243232,0.8524978187933983,0.6159398729279467,0.01137291036891324,0.1,1000
1.3333333333333333,3,0.03696098562628337,0.7803775871028285,0.9433502935423875,0.6159398729279467,0.01137291036891324,0.1,1000
1.3333333333333333,4,0.049281314168377825,0.8170543027649336,0.9782431065392948,0.6159398729279467,0.01137291036891324,0.1,1000
1.3333333333333333,5,0.06160164271047228,0.8430031607031737,0.9916440447327884,0.6159398729279467,0.01137291036891324,0.1,1000
1.3333333333333333,6,0.07392197125256673,0.8624857106820968,0.9967908107582664,0.6159398729279467,0.01137291036891324,0.1,1000
1.3333333333333333,7,0.08624229979466119,0.877720127814889,0.9987674783720215,0.6159398729279467,0.01137291036891324,0.1,1000
1.3333333333333333,8,0.09856262833675565,0.8899951341890815,0.9995266375869395,0.6159398729279467,0.01137291036891324,0.1,1000
1.3333333333333333,9,0.11088295687885011,0.9001186197113779,0.9998182003714888,0.6159398729279467,0.01137291036891324,0.1,1000
1.3333333333333333,10,0.12320328542094457,0.9086256508897916,0.9999301780115724,0.6159398729279467,0.01137291036891324,0.1,1000
1.3333333333333333,11,0.13552361396303902,0.9158856179453013,0.9999731841582521,0.6159398729279467,0.01137291036891324,0.1,1000
1.3333333333333333,12,0.14784394250513347,0.922162027693171,0.9999897011044108,0.6159398729279467,0.01137291036891324,0.1,1000
1.3333333333333333,13,0.16016427104722794,0.9276479826952271,0.9999960446048513,0.6159398729279467,0.01137291036891324,0.1,1000
1.3333333333333333,14,0.17248459958932238,0.9324882599469194,0.9999984808904365,0.6159398729279467,0.01137291036891324,0.1,1000
1.3333333333333333,15,0.18480492813141686,0.9367935780892901,0.999999416570588,0.6159398729279467,0.01137291036891324,0.1,1000
1.3333333333333333,16,0.1971252566735113,0.9406501036735417,0.9999997759280259,0.6159398729279467,0.01137291036891324,0.1,1000
1.3333333333333333,17,0.20944558521560575,0.9441259497252577,0.9999999139428891,0.6159398729279467,0.01137291036891324,0.1,1000
1.3333333333333333,18,0.22176591375770022,0.9472757173420632,0.999999966948895,0.6159398729279467,0.01137291036891324,0.1,1000
1.3333333333333333,19,0.23408624229979466,0.9501437319609433,0.9999999873063884,0.6159398729279467,0.01137291036891324,0.1,1000
1.3333333333333333,20,0.24640657084188913,0.9527663900704272,0.9999999951248899,0.6159398729279467,0.01137291036891324,0.1,1000
1.3333333333333333,21,0.2587268993839836,0.9551738881164277,0.9999999981276646,0.6159398729279467,0.01137291036891324,0.1,1000
1.3333333333333333,22,0.27104722792607805,0.957391514956993,0.9999999992809107,0.6159398729279467,0.01137291036891324,0.1,1000
1.3333333333333333,23,0.2833675564681725,0.9594406311473826,0.9999999997238265,0.6159398729279467,0.01137291036891324,0.1,1000
1.3333333333333333,24,0.29568788501026694,0.961339420262165,0.9999999998939327,0.6159398729279467,0.01137291036891324,0.1,1000
1.3333333333333333,25,0.3080082135523614,0.9631034720459786,0.9999999999592638,0.6159398729279467,0.01137291036891324,0.1,1000
1.3333333333333333,26,0.3203285420944559,0.9647462399433407,0.9999999999843548,0.6159398729279467,0.01137291036891324,0.1,1000
1.3333333333333333,27,0.3326488706365503,0.9662794036875082,0.9999999999939914,0.6159398729279467,0.01137291036891324,0.1,1000
1.3333333333333333,28,0.34496919917864477,0.967713159343246,0.9999999999976923,0.6159398729279467,0.01137291036891324,0.1,1000
1.3333333333333333,29,0.35728952772073924,0.9690564533412689,0.9999999999991137,0.6159398729279467,0.01137291036891324,0.1,1000
1.3333333333333333,30,0.3696098562628337,0.9703171728514467,0.9999999999996596,0.6159398729279467,0.01137291036891324,0.1,1000
1.3333333333333333,31,0.38193018480492813,0.9715023018092145,0.9999999999998692,0.6159398729279467,0.01137291036891324,0.1,1000
1.3333333333333333,32,0.3942505133470226,0.9726180496912005,0.9999999999999498,0.6159398729279467,0.01137291036891324,0.1,1000
1.3333333333333333,33,0.4065708418891171,0.9736699584965087,0.9999999999999807,0.6159398729279467,0.01137291036891324,0.1,1000
1.3333333333333333,34,0.4188911704312115,0.974662992166433,0.9999999999999926,0.6159398729279467,0.01137291036891324,0.1,1000
1.3333333333333333,35,0.43121149897330596,0.9756016117535468,0.9999999999999971,0.6159398729279467,0.01137291036891324,0.1,1000
1.3333333333333333,37,0.4558521560574949,0.9773313100516356,0.9999999999999996,0.6159398729279467,0.01137291036891324,0.1,1000
1.3333333333333333,38,0.4681724845995893,0.9781293220060745,0.9999999999999999,0.6159398729279467,0.01137291036891324,0.1,1000
1.3333333333333333,39,0.4804928131416838,0.9788868718966682,0.9999999999999999,0.6159398729279467,0.01137291036891324,0.1,1000
1.3333333333333333,41,0.5051334702258727,0.9802912737980896,1.0,0.6159398729279467,0.01137291036891324,0.1,1000
1.3333333333333333,42,0.5174537987679672,0.9809429041950846,1.0,0.6159398729279467,0.01137291036891324,0.1,1000
1.3333333333333333,43,0.5297741273100616,0.9815636769822222,1.0,0.6159398729279467,0.01137291036891324,0.1,1000
1.3333333333333333,45,0.5544147843942505,0.9827201990411768,1.0,0.6159398729279467,0.01137291036891324,0.1,1000
1.3333333333333333,46,0.566735112936345,0.9832593568516717,1.0,0.6159398729279467,0.01137291036891324,0.1,1000
1.3333333333333333,48,0.5913757700205339,0.9842670339126188,1.0,0.6159398729279467,0.01137291036891324,0.1,1000
1.3333333333333333,50,0.6160164271047228,0.9851893482041806,1.0,0.6159398729279467,0.01137291036891324,0.1,1000
1.3333333333333333,51,0.6283367556468172,0.9856214525546955,1.0,0.6159398729279467,0.01137291036891324,0.1,1000
1.3333333333333333,53,0.6529774127310062,0.9864327667525552,1.0,0.6159398729279467,0.01137291036891324,0.1,1000
1.3333333333333333,55,0.6776180698151951,0.9871797014533554,1.0,0.6159398729279467,0.01137291036891324,0.1,1000
1.3333333333333333,57,0.702258726899384,0.9878688076315081,1.0,0.6159398729279467,0.01137291036891324,0.1,1000
1.3333333333333333,59,0.7268993839835729,0.9885058234431204,1.0,0.6159398729279467,0.01137291036891324,0.1,1000
1.3333333333333333,61,0.7515400410677618,0.9890957946505657,1.0,0.6159398729279467,0.01137291036891324,0.1,1000
1.3333333333333333,63,0.7761806981519508,0.9896431740548005,1.0,0.6159398729279467,0.01137291036891324,0.1,1000
1.3333333333333333,65,0.8008213552361396,0.9901519041609074,1.0,0.6159398729279467,0.01137291036891324,0.1,1000
1.3333333333333333,67,0.8254620123203286,0.9906254863423912,1.0,0.6159398729279467,0.01137291036891324,0.1,1000
1.3333333333333333,70,0.8624229979466119,0.9912766864414493,1.0,0.6159398729279467,0.01137291036891324,0.1,1000
1.3333333333333333,72,0.8870636550308009,0.9916753237706545,1.0,0.6159398729279467,0.01137291036891324,0.1,1000
1.3333333333333333,74,0.9117043121149898,0.9920483579071429,1.0,0.6159398729279467,0.01137291036891324,0.1,1000
1.3333333333333333,77,0.9486652977412732,0.9925644839219026,1.0,0.6159398729279467,0.01137291036891324,0.1,1000
1.3333333333333333,80,0.9856262833675565,0.993034016421279,1.0,0.6159398729279467,0.01137291036891324,0.1,1000
1.3333333333333333,82,1.0102669404517455,0.993323850414653,1.0,0.6159398729279467,0.01137291036891324,0.1,1000
1.3333333333333333,85,1.0472279260780288,0.9937273473968284,1.0,0.6159398729279467,0.01137291036891324,0.1,1000
1.3333333333333333,88,1.0841889117043122,0.9940970435122493,1.0,0.6159398729279467,0.01137291036891324,0.1,1000
1.3333333333333333,91,1.1211498973305956,0.9944365976904155,1.0,0.6159398729279467,0.01137291036891324,0.1,1000
1.3333333333333333,94,1.158110882956879,0.9947491938375664,1.0,0.6159398729279467,0.01137291036891324,0.1,1000
1.3333333333333333,97,1.1950718685831623,0.9950376118078781,1.0,0.6159398729279467,0.01137291036891324,0.1,1000
1.3333333333333333,101,1.2443531827515402,0.9953887234881323,1.0,0.6159398729279467,0.01137291036891324,0.1,1000
1.3333333333333333,104,1.2813141683778235,0.9956296893348239,1.0,0.6159398729279467,0.01137291036891324,0.1,1000
1.3333333333333333,108,1.3305954825462012,0.9959245939830645,1.0,0.6159398729279467,0.01137291036891324,0.1,1000
1.3333333333333333,111,1.3675564681724846,0.9961280173237196,1.0,0.6159398729279467,0.01137291036891324,0.1,1000
1.3333333333333333,115,1.4168377823408624,0.9963781677965595,1.0,0.6159398729279467,0.01137291036891324,0.1,1000
1.3333333333333333,119,1.4661190965092403,0.9966067874786422,1.0,0.6159398729279467,0.01137291036891324,0.1,1000
1.3333333333333333,123,1.5154004106776182,0.9968163013706292,1.0,0.6159398729279467,0.01137291036891324,0.1,1000
1.3333333333333333,127,1.5646817248459959,0.9970088013160125,1.0,0.6159398729279467,0.01137291036891324,0.1,1000
1.3333333333333333,132,1.6262833675564683,0.997228236932737,1.0,0.6159398729279467,0.01137291036891324,0.1,1000
1.3333333333333333,136,1.675564681724846,0.997388721171119,1.0,0.6159398729279467,0.01137291036891324,0.1,1000
1.3333333333333333,141,1.7371663244353184,0.9975726768406762,1.0,0.6159398729279467,0.01137291036891324,0.1,1000
1.3333333333333333,146,1.7987679671457906,0.9977402044634208,1.0,0.6159398729279467,0.01137291036891324,0.1,1000
1.3333333333333333,151,1.860369609856263,0.9978932109087117,1.0,0.6159398729279467,0.01137291036891324,0.1,1000
1.3333333333333333,156,1.9219712525667352,0.9980333283847932,1.0,0.6159398729279467,0.01137291036891324,0.1,1000
1.3333333333333333,161,1.9835728952772074,0.9981619605736355,1.0,0.6159398729279467,0.01137291036891324,0.1,1000
1.3333333333333333,167,2.0574948665297743,0.9983028543739547,1.0,0.6159398729279467,0.01137291036891324,0.1,1000
1.3333333333333333,173,2.131416837782341,0.9984307422011892,1.0,0.6159398729279467,0.01137291036891324,0.1,1000
1.3333333333333333,178,2.193018480492813,0.998528485964825,1.0,0.6159398729279467,0.01137291036891324,0.1,1000
1.3333333333333333,185,2.2792607802874745,0.9986533678964961,1.0,0.6159398729279467,0.01137291036891324,0.1,1000
1.3333333333333333,191,2.353182751540041,0.9987505198161598,1.0,0.6159398729279467,0.01137291036891324,0.1,1000
1.3333333333333333,197,2.427104722792608,0.9988395640471439,1.0,0.6159398729279467,0.01137291036891324,0.1,1000
1.3333333333333333,204,2.513347022587269,0.9989343072985993,1.0,0.6159398729279467,0.01137291036891324,0.1,1000
1.3333333333333333,211,2.5995893223819304,0.9990202855274228,1.0,0.6159398729279467,0.01137291036891324,0.1,1000
1.3333333333333333,218,2.6858316221765914,0.9990984755244653,1.0,0.6159398729279467,0.01137291036891324,0.1,1000
1.3333333333333333,226,2.784394250513347,0.9991793729398906,1.0,0.6159398729279467,0.01137291036891324,0.1,1000
1.3333333333333333,234,2.882956878850103,0.9992522712181862,1.0,0.6159398729279467,0.01137291036891324,0.1,1000
1.3333333333333333,242,2.9815195071868583,0.9993180912882718,1.0,0.6159398729279467,0.01137291036891324,0.1,1000
1.3333333333333333,250,3.080082135523614,0.9993776248535411,1.0,0.6159398729279467,0.01137291036891324,0.1,1000
1.3333333333333333,258,3.17864476386037,0.9994315565077054,1.0,0.6159398729279467,0.01137291036891324,0.1,1000
1.3333333333333333,267,3.28952772073922,0.999486271631576,1.0,0.6159398729279467,0.01137291036891324,0.1,1000
1.3333333333333333,276,3.40041067761807,0.9995353828087638,1.0,0.6159398729279467,0.01137291036891324,0.1,1000
1.3333333333333333,286,3.5236139630390144,0.9995841474681263,1.0,0.6159398729279467,0.01137291036891324,0.1,1000
1.3333333333333333,296,3.6468172484599592,0.9996275263359237,1.0,0.6159398729279467,0.01137291036891324,0.1,1000
1.3333333333333333,306,3.7700205338809036,0.9996661650115146,1.0,0.6159398729279467,0.01137291036891324,0.1,1000
1.3333333333333333,316,3.893223819301848,0.9997006213479022,1.0,0.6159398729279467,0.01137291036891324,0.1,1000
1.3333333333333333,327,4.028747433264887,0.9997342686900322,1.0,0.6159398729279467,0.01137291036891324,0.1,1000
1.3333333333333333,338,4.164271047227926,0.9997639980595723,1.0,0.6159398729279467,0.01137291036891324,0.1,1000
1.3333333333333333,350,4.312114989733059,0.9997925258761586,1.0,0.6159398729279467,0.01137291036891324,0.1,1000
1.3333333333333333,362,4.459958932238194,0.9998175014552041,1.0,0.6159398729279467,0.01137291036891324,0.1,1000
1.3333333333333333,374,4.607802874743327,0.9998393868688802,1.0,0.6159398729279467,0.01137291036891324,0.1,1000
1.3333333333333333,387,4.767967145790554,0.9998600689188034,1.0,0.6159398729279467,0.01137291036891324,0.1,1000
1.3333333333333333,400,4.9281314168377826,0.9998780244464065,1.0,0.6159398729279467,0.01137291036891324,0.1,1000
1.3333333333333333,414,5.100616016427105,0.999894736657371,1.0,0.6159398729279467,0.01137291036891324,0.1,1000
1.3333333333333333,428,5.2731006160164275,0.9999091119215079,1.0,0.6159398729279467,0.01137291036891324,0.1,1000
1.3333333333333333,443,5.457905544147844,0.9999223010477342,1.0,0.6159398729279467,0.01137291036891324,0.1,1000
1.3333333333333333,458,5.642710472279261,0.9999335415956403,1.0,0.6159398729279467,0.01137291036891324,0.1,1000
1.3333333333333333,474,5.839835728952773,0.9999437146834103,1.0,0.6159398729279467,0.01137291036891324,0.1,1000
1.3333333333333333,490,6.036960985626283,0.9999523054008459,1.0,0.6159398729279467,0.01137291036891324,0.1,1000
1.3333333333333333,507,6.24640657084189,0.9999599792372692,1.0,0.6159398729279467,0.01137291036891324,0.1,1000
1.3333333333333333,524,6.455852156057495,0.9999664004149897,1.0,0.6159398729279467,0.01137291036891324,0.1,1000
1.3333333333333333,542,6.677618069815195,0.9999720645381265,1.0,0.6159398729279467,0.01137291036891324,0.1,1000
1.3333333333333333,561,6.91170431211499,0.9999769972336683,1.0,0.6159398729279467,0.01137291036891324,0.1,1000
1.3333333333333333,580,7.145790554414785,0.999981047957667,1.0,0.6159398729279467,0.01137291036891324,0.1,1000
1.3333333333333333,600,7.392197125256674,0.999984534480003,1.0,0.6159398729279467,0.01137291036891324,0.1,1000
1.3333333333333333,620,7.638603696098563,0.9999873721701404,1.0,0.6159398729279467,0.01137291036891324,0.1,1000
1.3333333333333333,642,7.909650924024641,0.9999898895055706,1.0,0.6159398729279467,0.01137291036891324,0.1,1000
1.3333333333333333,663,8.168377823408624,0.9999918177926067,1.0,0.6159398729279467,0.01137291036891324,0.1,1000
1.3333333333333333,686,8.451745379876797,0.9999935061608456,1.0,0.6159398729279467,0.01137291036891324,0.1,1000
1.3333333333333333,710,8.747433264887064,0.9999948940778256,1.0,0.6159398729279467,0.01137291036891324,0.1,1000
1.3333333333333333,734,9.043121149897331,0.9999959825896645,1.0,0.6159398729279467,0.01137291036891324,0.1,1000
1.3333333333333333,759,9.351129363449692,0.9999968682655774,1.0,0.6159398729279467,0.01137291036891324,0.1,1000
1.3333333333333333,785,9.671457905544148,0.999997581119973,1.0,0.6159398729279467,0.01137291036891324,0.1,1000
1.3333333333333333,812,10.004106776180699,0.9999981487823056,1.0,0.6159398729279467,0.01137291036891324,0.1,1000
3.0,1,0.012320328542094456,0.009318660161014538,0.00931866016101454,0.009318660161014538,0.001329329892574096,0.1,1000
3.0,2,0.024640657084188913,0.016785132049504832,0.018550482894832597,0.009318660161014538,0.001329329892574096,0.1,1000
3.0,3,0.03696098562628337,0.02371643261779459,0.027696277409927476,0.009318660161014538,0.001329329892574096,0.1,1000
3.0,4,0.049281314168377825,0.030295105595260174,0.036756845374033724,0.009318660161014538,0.001329329892574096,0.1,1000
3.0,5,0.06160164271047228,0.03661514260439927,0.04573298098441668,0.009318660161014538,0.001329329892574096,0.1,1000
3.0,6,0.07392197125256673,0.04273085942982324,0.05462547103748729,0.009318660161014538,0.001329329892574096,0.1,1000
3.0,7,0.08624229979466119,0.04867607220860897,0.06343509499776816,0.009318660161014538,0.001329329892574096,0.1,1000
3.0,8,0.09856262833675565,0.05447341984882228,0.07216262506621682,0.009318660161014538,0.001329329892574096,0.1,1000
3.0,9,0.11088295687885011,0.060139098247217505,0.08080882624791257,0.009318660161014538,0.001329329892574096,0.1,1000
3.0,10,0.12320328542094457,0.0656853714662249,0.08937445641911235,0.009318660161014538,0.001329329892574096,0.1,1000
3.0,11,0.13552361396303902,0.07112196548469575,0.09786026639368177,0.009318660161014538,0.001329329892574096,0.1,1000
3.0,12,0.14784394250513347,0.07645687789671132,0.10626699998890723,0.009318660161014538,0.001329329892574096,0.1,1000
3.0,13,0.16016427104722794,0.08169686995610424,0.1145953940906946,0.009318660161014538,0.001329329892574096,0.1,1000
3.0,14,0.17248459958932238,0.08684777897643758,0.12284617871816045,0.009318660161014538,0.001329329892574096,0.1,1000
3.0,15,0.18480492813141686,0.09191472525469895,0.13102007708762117,0.009318660161014538,0.001329329892574096,0.1,1000
3.0,16,0.1971252566735113,0.09690225480938076,0.13911780567598625,0.009318660161014538,0.001329329892574096,0.1,1000
3.0,17,0.20944558521560575,0.10181444169168914,0.14714007428356018,0.009318660161014538,0.001329329892574096,0.1,1000
3.0,18,0.22176591375770022,0.1066549639651205,0.15508758609625978,0.009318660161014538,0.001329329892574096,0.1,1000
3.0,19,0.23408624229979466,0.11142716195780022,0.16296103774725124,0.009318660161014538,0.001329329892574096,0.1,1000
3.0,20,0.24640657084188913,0.11613408418532135,0.17076111937801283,0.009318660161014538,0.001329329892574096,0.1,1000
3.0,21,0.2587268993839836,0.1207785244221335,0.17848851469882926,0.009318660161014538,0.001329329892574096,0.1,1000
3.0,22,0.27104722792607805,0.12536305222371716,0.18614390104872117,0.009318660161014538,0.001329329892574096,0.1,1000
3.0,23,0.2833675564681725,0.129890038465703,0.19372794945481717,0.009318660161014538,0.001329329892574096,0.1,1000
3.0,24,0.29568788501026694,0.13436167699524174,0.20124132469117204,0.009318660161014538,0.001329329892574096,0.1,1000
3.0,25,0.3080082135523614,0.13878000318201617,0.20868468533703718,0.009318660161014538,0.001329329892574096,0.1,1000
3.0,26,0.3203285420944559,0.14314690995025792,0.21605868383458757,0.009318660161014538,0.001329329892574096,0.1,1000
3.0,27,0.3326488706365503,0.14746416173195107,0.22336396654611154,0.009318660161014538,0.001329329892574096,0.1,1000
3.0,28,0.34496919917864477,0.15173340668224838,0.2306011738106667,0.009318660161014538,0.001329329892574096,0.1,1000
3.0,29,0.35728952772073924,0.1559561874267419,0.2377709400002085,0.009318660161014538,0.001329329892574096,0.1,1000
3.0,30,0.3696098562628337,0.16013395055757704,0.24487389357519612,0.009318660161014538,0.001329329892574096,0.1,1000
3.0,31,0.38193018480492813,0.16426805505565284,0.251910657139679,0.009318660161014538,0.001329329892574096,0.1,1000
3.0,32,0.3942505133470226,0.1683597797855054,0.25888184749587106,0.009318660161014538,0.001329329892574096,0.1,1000
3.0,33,0.4065708418891171,0.1724103301853868,0.26578807569821594,0.009318660161014538,0.001329329892574096,0.1,1000
3.0,34,0.4188911704312115,0.17642084425580792,0.27262994710694877,0.009318660161014538,0.001329329892574096,0.1,1000
3.0,35,0.43121149897330596,0.1803923979342133,0.27940806144115826,0.009318660161014538,0.001329329892574096,0.1,1000
3.0,37,0.4558521560574949,0.1882226460887886,0.2927753898715484,0.009318660161014538,0.001329329892574096,0.1,1000
3.0,38,0.4681724845995893,0.19208322332744457,0.29936577567084144,0.009318660161014538,0.001329329892574096,0.1,1000
3.0,39,0.4804928131416838,0.19590861321099476,0.30589474790454085,0.009318660161014538,0.001329329892574096,0.1,1000
3.0,41,0.5051334702258727,0.20345710954785906,0.31877073551075114,0.009318660161014538,0.001329329892574096,0.1,1000
3.0,42,0.5174537987679672,0.20718176008724418,0.32511887951826435,0.009318660161014538,0.001329329892574096,0.1,1000
3.0,43,0.5297741273100616,0.2108743165805154,0.3314078673291183,0.009318660161014538,0.001329329892574096,0.1,1000
3.0,45,0.5544147843942505,0.21816586963188228,0.3438105742498492,0.009318660161014538,0.001329329892574096,0.1,1000
3.0,46,0.566735112936345,0.22176615484003684,0.3499253805096661,0.009318660161014538,0.001329329892574096,0.1,1000
3.0,48,0.5913757700205339,0.2288787656260131,0.36198457861888633,0.009318660161014538,0.001329329892574096,0.1,1000
3.0,50,0.6160164271047228,0.23587784804834497,0.3738200727798561,0.009318660161014538,0.001329329892574096,0.1,1000
3.0,51,0.6283367556468172,0.23933614133606557,0.3796552307212695,0.009318660161014538,0.001329329892574096,0.1,1000
3.0,53,0.6529774127310062,0.2461727095635023,0.3911629257526734,0.009318660161014538,0.001329329892574096,0.1,1000
3.0,55,0.6776180698151951,0.2529056821029179,0.4024571474842384,0.009318660161014538,0.001329329892574096,0.1,1000
3.0,57,0.702258726899384,0.25953854778310775,0.4135418559487615,0.009318660161014538,0.001329329892574096,0.1,1000
3.0,59,0.7268993839835729,0.2660745613062271,0.42442093771851924,0.009318660161014538,0.001329329892574096,0.1,1000
3.0,61,0.7515400410677618,0.2725167665533141,0.43509820726799564,0.009318660161014538,0.001329329892574096,0.1,1000
3.0,63,0.7761806981519508,0.27886801694064833,0.44557740831133097,0.009318660161014538,0.001329329892574096,0.1,1000
3.0,65,0.8008213552361396,0.2851309932731758,0.45586221511496033,0.009318660161014538,0.001329329892574096,0.1,1000
3.0,67,0.8254620123203286,0.291308219463309,0.4659562337859024,0.009318660161014538,0.001329329892574096,0.1,1000
3.0,70,0.8624229979466119,0.3004184494288221,0.4807472580840105,0.009318660161014538,0.001329329892574096,0.1,1000
3.0,72,0.8870636550308009,0.30639143389468054,0.49037964719101795,0.009318660161014538,0.001329329892574096,0.1,1000
3.0,74,0.9117043121149898,0.3122864532860356,0.49983335082865954,0.009318660161014538,0.001329329892574096,0.1,1000
3.0,77,0.9486652977412732,0.32098707804237975,0.5136861050953029,0.009318660161014538,0.001329329892574096,0.1,1000
3.0,80,0.9856262833675565,0.32952293155114076,0.5271551896368858,0.009318660161014538,0.001329329892574096,0.1,1000
3.0,82,1.0102669404517455,0.3351248443307393,0.5359266892034371,0.009318660161014538,0.001329329892574096,0.1,1000
3.0,85,1.0472279260780288,0.3433987853172404,0.5487797923578022,0.009318660161014538,0.001329329892574096,0.1,1000
3.0,88,1.0841889117043122,0.35152258893437954,0.5612769124016255,0.009318660161014538,0.001329329892574096,0.1,1000
3.0,91,1.1211498973305956,0.3595011074746607,0.57342790874189,0.009318660161014538,0.001329329892574096,0.1,1000
3.0,94,1.158110882956879,0.36733889977152245,0.5852423677167076,0.009318660161014538,0.001329329892574096,0.1,1000
3.0,97,1.1950718685831623,0.3750402591454855,0.5967296101583103,0.009318660161014538,0.001329329892574096,0.1,1000
3.0,101,1.2443531827515402,0.3851034812311102,0.6115525575216476,0.009318660161014538,0.001329329892574096,0.1,1000
3.0,104,1.2813141683778235,0.3925018791903908,0.6223111056477049,0.009318660161014538,0.001329329892574096,0.1,1000
3.0,108,1.3305954825462012,0.40217450556983814,0.6361937579369019,0.009318660161014538,0.001329329892574096,0.1,1000
3.0,111,1.3675564681724846,0.4092894059451354,0.6462698365405448,0.009318660161014538,0.001329329892574096,0.1,1000
3.0,115,1.4168377823408624,0.41859588313631413,0.6592718414629556,0.009318660161014538,0.001329329892574096,0.1,1000
3.0,119,1.4661190965092403,0.42770308228364273,0.671795933700881,0.009318660161014538,0.001329329892574096,0.1,1000
3.0,123,1.5154004106776182,0.43661770221422785,0.6838596798169668,0.009318660161014538,0.001329329892574096,0.1,1000
3.0,127,1.5646817248459959,0.4453460597909119,0.695480000682432,0.009318660161014538,0.001329329892574096,0.1,1000
3.0,132,1.6262833675564683,0.4560036387600813,0.709406608020597,0.009318660161014538,0.001329329892574096,0.1,1000
3.0,136,1.675564681724846,0.46433425102461934,0.7200879043962999,0.009318660161014538,0.001329329892574096,0.1,1000
3.0,141,1.7371663244353184,0.474511887536333,0.7328891189418522,0.009318660161014538,0.001329329892574096,0.1,1000
3.0,146,1.7987679671457906,0.48443680180656534,0.7451048957860151,0.009318660161014538,0.001329329892574096,0.1,1000
3.0,151,1.860369609856263,0.4941181831614488,0.7567620087400543,0.009318660161014538,0.001329329892574096,0.1,1000
3.0,156,1.9219712525667352,0.5035646953066639,0.767886007169033,0.009318660161014538,0.001329329892574096,0.1,1000
3.0,161,1.9835728952772074,0.5127845224706539,0.7785012719893887,0.009318660161014538,0.001329329892574096,0.1,1000
3.0,167,2.0574948665297743,0.5235599674086554,0.7906007443411727,0.009318660161014538,0.001329329892574096,0.1,1000
3.0,173,2.131416837782341,0.5340327410308261,0.8020392773164353,0.009318660161014538,0.001329329892574096,0.1,1000
3.0,178,2.193018480492813,0.5425374257541736,0.8110926112825841,0.009318660161014538,0.001329329892574096,0.1,1000
3.0,185,2.2792607802874745,0.5541170397640854,0.8230759694316537,0.009318660161014538,0.001329329892574096,0.1,1000
3.0,191,2.353182751540041,0.563750278876121,0.8327405279393004,0.009318660161014538,0.001329329892574096,0.1,1000
3.0,197,2.427104722792608,0.5731243863553628,0.8418771553860976,0.009318660161014538,0.001329329892574096,0.1,1000
3.0,204,2.513347022587269,0.5837458820783945,0.8519076930554978,0.009318660161014538,0.001329329892574096,0.1,1000
3.0,211,2.5995893223819304,0.5940416142380073,0.861301942614961,0.009318660161014538,0.001329329892574096,0.1,1000
3.0,218,2.6858316221765914,0.6040248803267412,0.8701002670611868,0.009318660161014538,0.001329329892574096,0.1,1000
3.0,226,2.784394250513347,0.6150677617929842,0.879474172785452,0.009318660161014538,0.001329329892574096,0.1,1000
3.0,234,2.882956878850103,0.6257364656059865,0.8881716328655311,0.009318660161014538,0.001329329892574096,0.1,1000
3.0,242,2.9815195071868583,0.6360474941724099,0.8962414613948231,0.009318660161014538,0.001329329892574096,0.1,1000
3.0,250,3.080082135523614,0.6460163523642652,0.903728949913607,0.009318660161014538,0.001329329892574096,0.1,1000
3.0,258,3.17864476386037,0.655657630523497,0.9106761216057224,0.009318660161014538,0.001329329892574096,0.1,1000
3.0,267,3.28952772073922,0.6661295972892302,0.9178942793746753,0.009318660161014538,0.001329329892574096,0.1,1000
3.0,276,3.40041067761807,0.6762227614548385,0.9245291462866467,0.009318660161014538,0.001329329892574096,0.1,1000
3.0,286,3.5236139630390144,0.6870140892197849,0.9312743128127641,0.009318660161014538,0.001329329892574096,0.1,1000
3.0,296,3.6468172484599592,0.6973812572378579,0.9374166337471532,0.009318660161014538,0.001329329892574096,0.1,1000
3.0,306,3.7700205338809036,0.7073450143868029,0.9430099880868796,0.009318660161014538,0.001329329892574096,0.1,1000
3.0,316,3.893223819301848,0.7169247877752425,0.9481034394229335,0.009318660161014538,0.001329329892574096,0.1,1000
3.0,327,4.028747433264887,0.7270407448611316,0.9531820506659211,0.009318660161014538,0.001329329892574096,0.1,1000
3.0,338,4.164271047227926,0.7367367985750983,0.95776366765976,0.009318660161014538,0.001329329892574096,0.1,1000
3.0,350,4.312114989733059,0.7468603027343002,0.9622519959880917,0.009318660161014538,0.001329329892574096,0.1,1000
3.0,362,4.459958932238194,0.7565350072490683,0.9662633631300064,0.009318660161014538,0.001329329892574096,0.1,1000
3.0,374,4.607802874743327,0.7657848596062035,0.9698484543198957,0.009318660161014538,0.001329329892574096,0.1,1000
3.0,387,4.767967145790554,0.7753519821304995,0.9733036825795509,0.009318660161014538,0.001329329892574096,0.1,1000
3.0,400,4.9281314168377826,0.7844731768443912,0.9763629575951176,0.009318660161014538,0.001329329892574096,0.1,1000
3.0,414,5.100616016427105,0.7938255327792688,0.9792666779307565,0.009318660161014538,0.001329329892574096,0.1,1000
3.0,428,5.2731006160164275,0.8027178910842615,0.9818136873190959,0.009318660161014538,0.001329329892574096,0.1,1000
3.0,443,5.457905544147844,0.8117651077847793,0.9841964594084875,0.009318660161014538,0.001329329892574096,0.1,1000
3.0,458,5.642710472279261,0.8203450494579242,0.9862670405150449,0.009318660161014538,0.001329329892574096,0.1,1000
3.0,474,5.839835728952773,0.8290135465580276,0.9881775397040291,0.009318660161014538,0.001329329892574096,0.1,1000
3.0,490,6.036960985626283,0.8372138564638683,0.989822254438096,0.009318660161014538,0.001329329892574096,0.1,1000
3.0,507,6.24640657084189,0.8454462773128233,0.9913198086761137,0.009318660161014538,0.001329329892574096,0.1,1000
3.0,524,6.455852156057495,0.8532153807891033,0.9925970126723059,0.009318660161014538,0.001329329892574096,0.1,1000
3.0,542,6.677618069815195,0.8609696050045472,0.9937451241068591,0.009318660161014538,0.001329329892574096,0.1,1000
3.0,561,6.91170431211499,0.8686634038432408,0.9947644251733857,0.009318660161014538,0.001329329892574096,0.1,1000
3.0,580,7.145790554414785,0.8758873646664697,0.9956176198803341,0.009318660161014538,0.001329329892574096,0.1,1000
3.0,600,7.392197125256674,0.8830195755296447,0.9963659600151082,0.009318660161014538,0.001329329892574096,0.1,1000
3.0,620,7.638603696098563,0.8897018464552391,0.9969865127507928,0.009318660161014538,0.001329329892574096,0.1,1000
3.0,642,7.909650924024641,0.8965706170165889,0.9975474550231208,0.009318660161014538,0.001329329892574096,0.1,1000
3.0,663,8.168377823408624,0.9026909082475217,0.997985206133276,0.009318660161014538,0.001329329892574096,0.1,1000
3.0,686,8.451745379876797,0.9089422144598605,0.9983755280176506,0.009318660161014538,0.001329329892574096,0.1,1000
3.0,710,8.747433264887064,0.9150004555082992,0.9987024389113023,0.009318660161014538,0.001329329892574096,0.1,1000
3.0,734,9.043121149897331,0.9206216593435994,0.9989635618236595,0.009318660161014538,0.001329329892574096,0.1,1000
3.0,759,9.351129363449692,0.9260498363499519,0.9991798505983605,0.009318660161014538,0.001329329892574096,0.1,1000
3.0,785,9.671457905544148,0.9312705194049675,0.9993570509986264,0.009318660161014538,0.001329329892574096,0.1,1000
3.0,812,10.004106776180699,0.9362722651713304,0.9995006626378601,0.009318660161014538,0.001329329892574096,0.1,1000
