p_s,width,attack,rep,deanon_top1,mean_true_posterior,posterior_entropy,bandwidth_overhead,latency,latency_overhead,sigma_d,sigma_Z,sigma_eps,sigma_noise,eta,inv_eta
0.1,1,mixnet_attribution,0,0.10821733273462057,0.099874742222502,3.3911701546405175,291.8628947762311,1.8996575163619127,12.16295620347915,0.024615741901710134,0.875,0.0,0.875,0.028132276459097296,35.546359053237026
0.1,1,mixnet_attribution,1,0.10279809940417829,0.10036142544018721,3.386018075188016,294.17542801116224,1.863422240683576,12.141589340351652,0.027042544356279466,0.875,0.0,0.875,0.030905764978605105,32.3564228451314
0.1,1,mixnet_attribution,2,0.14716837704294944,0.10032274324803342,3.3892693301273558,296.1499809958191,1.8790766808378976,11.852615279277027,0.030461501968278102,0.875,0.0,0.875,0.03481314510660354,28.72478188735423
0.1,1,mixnet_attribution,3,0.1006983554854697,0.09996703690297751,3.391184206960168,292.974018172261,1.8585785567993298,11.407312802896659,0.02626120874054884,0.875,0.0,0.875,0.030012809989198672,33.31910608703053
0.1,1,mixnet_attribution,4,0.10488042581902692,0.09985564567671085,3.390614220545703,292.5861009071145,1.840105832729023,11.155188699108715,0.03101546158171132,0.875,0.0,0.875,0.03544624180767008,28.21173554663315
0.1,1,mixnet_attribution,5,0.10641723529862762,0.10019557336313006,3.388505833742753,298.7949858161466,1.862653212097939,11.876170131232932,0.023765633428437342,0.875,0.0,0.875,0.027160723918214107,36.81786991433595
0.1,1,mixnet_attribution,6,0.1134191314818996,0.10009901038328663,3.3883344083564615,293.5439151049898,1.8319806951622013,11.734555694550643,0.029709467288648924,0.875,0.0,0.875,0.033953676901313054,29.451891260746727
0.1,1,mixnet_attribution,7,0.10644320297951583,0.09945735626796615,3.398156165134301,290.6311359404097,1.8464013403863646,11.86148481781542,0.03108463454412319,0.875,0.0,0.875,0.03552529662185507,28.148955676412353
0.1,1,mixnet_attribution,8,0.08789224170366469,0.0995729851800085,3.395061234684257,293.82143125893595,1.9157400828844402,12.069227955292023,0.025612131282742347,0.875,0.0,0.875,0.02927100718027697,34.16349816188791
0.1,1,mixnet_attribution,9,0.10699055741699665,0.10023308367497871,3.388122819744224,297.003274444106,1.911024635337526,11.839002613551068,0.02808364425660636,0.875,0.0,0.875,0.032095593436121554,31.15692507727754
0.1,1,mixnet_attribution,10,0.09919733454490383,0.09994625003714308,3.3891801717633494,295.4446463728608,1.9286192169529386,11.959088853284364,0.02951646775413739,0.875,0.0,0.875,0.033733106004728446,29.644468548488472
0.1,1,mixnet_attribution,11,0.08985241263286686,0.09915020049110723,3.3993683924940306,298.5823201039994,1.9592999882879667,11.938543601860138,0.02960763344227275,0.875,0.0,0.875,0.03383729536259743,29.553189440352412
0.1,1,mixnet_attribution,12,0.11339421613394216,0.10026420281775729,3.387825621458324,296.78972602739725,1.8274473568308167,11.340851447487843,0.03540215665225732,0.875,0.0,0.875,0.04045960760257979,24.7160083662363
0.1,1,mixnet_attribution,13,0.11780262959044885,0.10034507311981797,3.3838654590742165,294.72963578661023,1.808932827640092,11.512809832909786,0.029243232370095296,0.875,0.0,0.875,0.033420836994394625,29.92145289980981
0.1,1,mixnet_attribution,14,0.10558103975535169,0.09991701182530568,3.3910251660332387,298.645871559633,1.957088878552895,12.203661489409017,0.02747555673237312,0.875,0.0,0.875,0.03140063626556928,31.846488445092355
0.1,1,mixnet_attribution,15,0.10219201099824334,0.09986813079181106,3.3918724640084124,297.93622546398836,1.8862547311000526,11.202856600023487,0.026609528314791964,0.875,0.0,0.875,0.030410889502619387,32.88295792577415
0.1,1,mixnet_attribution,16,0.11475034356390289,0.1004341940981934,3.382689479536549,297.72270575660406,1.8506077134807128,12.152285036988383,0.0342486132570481,0.875,0.0,0.875,0.03914127229376926,25.5484796839163
0.1,1,mixnet_attribution,17,0.09933825792551554,0.09962021230276338,3.3973584545201203,299.98453370267777,1.851388415612746,11.764575272099204,0.02391876688023019,0.875,0.0,0.875,0.02733573357740593,36.58215343547757
0.1,1,mixnet_attribution,18,0.10971690895179802,0.09987139692274849,3.3918674391840686,298.096480489671,1.8576096548349597,11.898747103168107,0.028115367757438982,0.875,0.0,0.875,0.032131848865644554,31.121769686561745
0.1,1,mixnet_attribution,19,0.11022907688818326,0.09993759874407238,3.3887563640001894,294.8996749073864,1.9309557172528002,11.977925941976116,0.028419215595023868,0.875,0.0,0.875,0.03247910353717014,30.78902713110809
0.1,1,mixnet_attribution,20,0.09764590114298691,0.10010836962288017,3.389020310418616,295.3426689879646,1.850849072157871,11.500134115773472,0.025819100620779505,0.875,0.0,0.875,0.02950754356660515,33.88963902545041
0.1,1,mixnet_attribution,21,0.1039453717754173,0.09981110553747032,3.3905828215175684,295.8682094081942,1.871527315233834,11.50766295388297,0.035439179729410415,0.875,0.0,0.875,0.04050191969075476,24.69018771542986
0.1,1,mixnet_attribution,22,0.11289961994187346,0.10039727420925895,3.387122336390435,290.6689768239064,1.8717843485355843,11.09209667834841,0.03259580926196821,0.875,0.0,0.875,0.03725235344224938,26.843941592851422
0.1,1,mixnet_attribution,23,0.10009979273815921,0.10015991777919506,3.3878117627104487,299.2634528287403,1.90652035898529,12.12818873294825,0.033022612346398,0.875,0.0,0.875,0.03774012839588343,26.496995174745532
0.1,1,mixnet_attribution,24,0.09857662023016353,0.10004844222051427,3.388766546846679,295.07260751059965,1.846108954428928,11.904617605564999,0.028021940001884026,0.875,0.0,0.875,0.03202507428786746,31.22553256274085
0.1,1,mixnet_attribution,25,0.09252534422756847,0.09967607266116583,3.394302309161514,295.06899682251475,1.8747550274420064,11.290288621908275,0.02819074974882672,0.875,0.0,0.875,0.032217999712944825,31.038550155496196
0.1,1,mixnet_attribution,26,0.09865573023467761,0.09968701295234243,3.392889533994487,296.0879471405787,1.8706259294121992,11.987001013782614,0.029969148914574275,0.875,0.0,0.875,0.0342504559023706,29.196691654279157
0.1,1,mixnet_attribution,27,0.0974694000150184,0.09986102986190071,3.3916326394002994,292.9894120297364,1.8857774755742867,11.763912433383748,0.029481853181669446,0.875,0.0,0.875,0.03369354649333651,29.679274047265032
0.1,1,mixnet_attribution,28,0.11229495630844703,0.10022750594841225,3.388911100603208,298.6240226889468,1.8872413021163084,11.380776141952307,0.03343270742228988,0.875,0.0,0.875,0.038208808482617006,26.171975513315136
0.1,1,mixnet_attribution,29,0.09877575849745267,0.10003506740796739,3.388313705125697,296.55790434187514,1.9499988323368598,12.134104722094534,0.025923688359961963,0.875,0.0,0.875,0.0296270724113851,33.752913082823525
0.1,1,mixnet_attribution_oracle,0,0.0981719702098849,0.10015360899447001,3.3880925917526206,293.4819077710073,1.846608595107682,11.70552757356952,0.02502717354608205,0.875,0.0,0.875,0.0286024840526652,34.96199834107833
0.1,1,mixnet_attribution_oracle,1,0.09791525551290735,0.09963564103341578,3.395709231160423,293.61804771581245,1.8776894479815383,11.584093043277774,0.03306389889298308,0.875,0.0,0.875,0.03778731302055209,26.463908652518146
0.1,1,mixnet_attribution_oracle,2,0.11392594813371308,0.0992666303866144,3.3994540471696126,292.3639634237745,1.865924389072461,11.220291892888028,0.02752136820641549,0.875,0.0,0.875,0.031452992235903414,31.793477469482397
0.1,1,mixnet_attribution_oracle,3,0.10245343025897319,0.10019900974115728,3.388677936467224,295.4451764349538,1.8547842553525697,11.55558425798556,0.030223486637446572,0.875,0.0,0.875,0.034541127585653225,28.95099465181772
0.1,1,mixnet_attribution_oracle,4,0.09705307472560518,0.09961307441085201,3.3945509092058446,293.1268230341302,1.9355782388884109,12.115565669278011,0.02666141944937821,0.875,0.0,0.875,0.03047019365643224,32.818957807604896
0.1,1,mixnet_attribution_oracle,5,0.10201322115384616,0.09997528809826754,3.390373378536911,293.1349909855769,1.8817939429136459,11.740274390926418,0.03229514328434689,0.875,0.0,0.875,0.036908735182110734,27.09385718762558
0.1,1,mixnet_attribution_oracle,6,0.10542530808536218,0.10019207049795618,3.388602417049922,293.03486624586714,1.9193739511247259,11.967848183390913,0.027602899738195658,0.875,0.0,0.875,0.03154617112936647,31.699568099695487
0.1,1,mixnet_attribution_oracle,7,0.10658330822536909,0.09964127664485413,3.394510753160565,293.82042783971076,1.8611719247710425,11.561184373056527,0.028724560639115205,0.875,0.0,0.875,0.032828069301845945,30.461736595145094
0.1,1,mixnet_attribution_oracle,8,0.1055972749090346,0.09982050962208996,3.392650171486768,301.69869164666716,1.8103671098069753,11.194906769589318,0.025207736381292097,0.875,0.0,0.875,0.02880884157861954,34.71156579729153
0.1,1,mixnet_attribution_oracle,9,0.09803628761293214,0.09988345793507568,3.391817700413363,291.1276039722243,1.8562461004476063,11.618416633393123,0.03189999106057637,0.875,0.0,0.875,0.03645713264065871,27.4294747712757
0.1,1,mixnet_attribution_oracle,10,0.10483499616270146,0.10035240247491015,3.3851213730689516,299.4462010744436,1.8454197130631655,11.531006047660865,0.03139462304141302,0.875,0.0,0.875,0.03587956919018631,27.871014690820687
0.1,1,mixnet_attribution_oracle,11,0.10854133272269292,0.10027751622709599,3.3859554533786773,297.83382947866573,1.8872405989386607,11.645200154423605,0.03165603421190614,0.875,0.0,0.875,0.03617832481360701,27.64085969021679
0.1,1,mixnet_attribution_oracle,12,0.11006289308176101,0.0995817958498046,3.394222319604291,299.0878202178248,1.8308202340558637,11.518409845702568,0.02477167251878961,0.875,0.0,0.875,0.028310482878616698,35.322604855861144
0.1,1,mixnet_attribution_oracle,13,0.09647217436896113,0.1000813333244589,3.3884678097156056,292.2914388435323,1.8711004110518843,11.790214352876152,0.02984636137231026,0.875,0.0,0.875,0.0341101272826403,29.31680646377802
0.1,1,mixnet_attribution_oracle,14,0.10060952667619837,0.09986425102004276,3.3918555201748117,293.5456392505079,1.858513228886295,11.474435704653965,0.02899546768721187,0.875,0.0,0.875,0.03313767735681357,30.177130075605195
0.1,1,mixnet_attribution_oracle,15,0.10497237569060773,0.10005359097823983,3.3908289787454313,299.301949048496,1.8392896606528666,10.900284897189563,0.030281697604957535,0.875,0.0,0.875,0.03460765440566575,28.895341714816883
0.1,1,mixnet_attribution_oracle,16,0.11065328139047048,0.10030501568534443,3.3875400360238097,292.16084806712615,1.8571670690726023,11.976229552639714,0.02514037795090647,0.875,0.0,0.875,0.02873186051532168,34.80456824112506
0.1,1,mixnet_attribution_oracle,17,0.11606532472464869,0.09932074087874804,3.398920399371049,296.2137485757691,1.8161690319830086,11.632138320587092,0.027455793231185677,0.875,0.0,0.875,0.03137804940706935,31.869412500023156
0.1,1,mixnet_attribution_oracle,18,0.09416435688066521,0.09989846803067462,3.3905858957032495,292.15641621095216,1.8641979345993605,11.810645158316659,0.02776975012694778,0.875,0.0,0.875,0.031736857287940325,31.509105987630026
0.1,1,mixnet_attribution_oracle,19,0.108329540282203,0.10028624134444668,3.384316825470488,295.8512365346685,1.8624562632176094,11.912647896418083,0.028021704417747848,0.875,0.0,0.875,0.03202480504885468,31.225795082108185
0.1,1,mixnet_attribution_oracle,20,0.10839295330410031,0.09988854275397913,3.390528906053146,299.87229786906687,1.962685105332639,12.351438859196344,0.027572328261247215,0.875,0.0,0.875,0.03151123229856825,31.73471575230767
0.1,1,mixnet_attribution_oracle,21,0.09997713937361884,0.10040008515419556,3.384869036901885,297.1828850110493,1.9682719015982002,12.422901007373387,0.022987120858352875,0.875,0.0,0.875,0.026270995266689,38.06479312445297
0.1,1,mixnet_attribution_oracle,22,0.10316460386867264,0.10027836126596179,3.3866450826840846,289.0892314533462,1.9093474994879216,12.01827707549503,0.038399886528882696,0.875,0.0,0.875,0.043885584604437367,22.786525666992887
0.1,1,mixnet_attribution_oracle,23,0.10108745596569153,0.09987015808827913,3.3910398226186405,298.5387501914535,1.8698065956123173,11.400135983385011,0.031229576885968172,0.875,0.0,0.875,0.03569094501253505,28.018311077187477
0.1,1,mixnet_attribution_oracle,24,0.10570520581113801,0.10004942495377958,3.3896147803981007,295.12742130750604,1.8523622131324373,11.487671509650196,0.028276121581509186,0.875,0.0,0.875,0.032315567521724785,30.944837943128498
0.1,1,mixnet_attribution_oracle,25,0.08782973621103117,0.0997950996217011,3.391239787162672,292.32201738609115,1.8078381194209214,11.264369766267098,0.028557622062983994,0.875,0.0,0.875,0.032637282357695994,30.63980600591263
0.1,1,mixnet_attribution_oracle,26,0.10252151592933716,0.09974043916592262,3.3927923833473304,294.61293975539786,1.8174019590369426,11.299092812522263,0.026803385901582304,0.875,0.0,0.875,0.030632441030379775,32.64512935838996
0.1,1,mixnet_attribution_oracle,27,0.1047112462006079,0.1004209424274778,3.3863107442608036,296.34802431610944,1.8216524584568106,11.23970421119812,0.032384328949896235,0.875,0.0,0.875,0.03701066165702427,27.01924135447629
0.1,1,mixnet_attribution_oracle,28,0.10129949084276921,0.10043132324739258,3.383411584200499,296.38559161030474,1.84779690700816,11.222051162687443,0.03446872514277898,0.875,0.0,0.875,0.03939282873460455,25.385331090010098
0.1,1,mixnet_attribution_oracle,29,0.10707224334600761,0.10048634727054315,3.3838987011335577,296.685855513308,1.8443119834992103,11.11990518638626,0.0272593704874849,0.875,0.0,0.875,0.031153566271411314,32.09905380616632
0.1,4,mixnet_attribution,0,0.10100625095288916,0.09969989840784943,3.395391240814553,297.49001372160393,1.8778595429612324,11.371053950028774,0.028407633600574654,0.875,0.0,0.875,0.03246586697208532,30.801580036652535
0.1,4,mixnet_attribution,1,0.11106060606060605,0.09977747312659596,3.3915344378834273,295.34340909090906,1.877960162149975,11.789768257816291,0.02369073039951659,0.875,0.0,0.875,0.027075120456590388,36.934277046091175
0.1,4,mixnet_attribution,2,0.09970317375751579,0.09996152387286185,3.389282547130167,296.82768856077325,1.867640192998806,11.602424328898891,0.02754501207069023,0.875,0.0,0.875,0.03148001379507455,31.7661868419023
0.1,4,mixnet_attribution,3,0.10637157298207996,0.0998705213230342,3.392226979513052,298.8427783734109,1.8566112162952777,11.452951308475367,0.0227621322394274,0.875,0.0,0.875,0.026013865416488455,38.441038422769985
0.1,4,mixnet_attribution,4,0.10242198770025054,0.10008521910892179,3.3896234858265903,296.07250778224886,1.8788893317687325,12.024451928241133,0.03652018875064805,0.875,0.0,0.875,0.0417373585721692,23.959350428726168
0.1,4,mixnet_attribution,5,0.1101258147642868,0.10026905296172817,3.386075712369327,295.59633166590874,1.858303428569343,11.593362883815667,0.03283149516621932,0.875,0.0,0.875,0.037521708761393505,26.651238256742477
0.1,4,mixnet_attribution,6,0.14589062022609228,0.10004636835413322,3.3897877939218866,297.9115490375802,1.873927720123902,11.926330895298502,0.026805170431084605,0.875,0.0,0.875,0.03063448049266812,32.64295603900756
0.1,4,mixnet_attribution,7,0.12035010940919037,0.10046622444283773,3.3843330610527995,294.03591639628763,1.8816077054070774,11.712624478194483,0.03364404808855176,0.875,0.0,0.875,0.03845034067263058,26.007571909806565
0.1,4,mixnet_attribution,8,0.14166729764518815,0.10068044247550659,3.388012318456107,295.092602407814,1.87124032547581,11.685651355611826,0.043837337960647794,0.875,0.0,0.875,0.05009981481216891,19.960153620310525
0.1,4,mixnet_attribution,9,0.10975146309949077,0.10026141352521045,3.3882958541798214,296.5741430417268,1.8745034055609722,11.452548225221156,0.030357832059024183,0.875,0.0,0.875,0.03469466521031335,28.82287504255091
0.1,4,mixnet_attribution,10,0.10653734534901482,0.10021452199810175,3.3879969799505907,297.8379410416985,1.8891427911294159,11.757937390698412,0.03223092419964491,0.875,0.0,0.875,0.036835341942451326,27.14784083075222
0.1,4,mixnet_attribution,11,0.10267282501703642,0.09968869602064294,3.391021857191986,295.17884455213147,1.8610929832211696,12.141466689029707,0.023081400888841717,0.875,0.0,0.875,0.026378743872961963,37.90931080023842
0.1,4,mixnet_attribution,12,0.10075957215935513,0.09957953301133446,3.394763147972333,302.39776778793987,1.8957906220748555,11.851358704943621,0.025904686198554645,0.875,0.0,0.875,0.029605355655491022,33.77767224405987
0.1,4,mixnet_attribution,13,0.10868407032498668,0.09961509498810249,3.3929840427900566,296.929903341198,1.879237723594997,11.800449444937431,0.024377225760612256,0.875,0.0,0.875,0.027859686583556864,35.89415828497556
0.1,4,mixnet_attribution,14,0.10316013369796415,0.10000600492374342,3.3876380180605414,296.2137648131267,1.8767786390671972,11.861235858839978,0.030182854121419873,0.875,0.0,0.875,0.034494690424479856,28.989968824023126
0.1,4,mixnet_attribution,15,0.1019598871349043,0.10006108213955578,3.3880750068177754,297.4646533973919,1.8692101146734785,11.873601286369244,0.02973238659770379,0.875,0.0,0.875,0.03397987039737576,29.429188172454868
0.1,4,mixnet_attribution,16,0.11872564749025899,0.10000836116337146,3.389381510792427,297.80647872259146,1.8615311663597822,11.63310249762359,0.030533735229395446,0.875,0.0,0.875,0.034895697405023365,28.656828043678708
0.1,4,mixnet_attribution,17,0.11516194648724769,0.10016124610859513,3.3884849298729955,305.10225316851825,1.871015689568594,11.851362442743246,0.028564674159781735,0.875,0.0,0.875,0.03264534189689341,30.632241596929386
0.1,4,mixnet_attribution,18,0.09962563985025594,0.09955482694424717,3.3945528571190113,297.94934677973873,1.8869744927214924,11.922111895049815,0.028240855291939516,0.875,0.0,0.875,0.032275263190788016,30.983480880968283
0.1,4,mixnet_attribution,19,0.09703872437357632,0.09952004550149107,3.3962481523695756,295.9199696279423,1.8555447482212912,11.64157871487893,0.026914697404054916,0.875,0.0,0.875,0.030759654176062762,32.510118425785244
0.1,4,mixnet_attribution,20,0.10377787892580792,0.10054102663263263,3.384049052215223,295.77954786830526,1.886139201320475,12.160443342937006,0.03176917013759653,0.875,0.0,0.875,0.03630762301439604,27.542425446124586
0.1,4,mixnet_attribution,21,0.10531955606582473,0.09987654780663302,3.39098470999018,298.61370072713356,1.8824909947870765,12.487037135000467,0.03171621982179815,0.875,0.0,0.875,0.03624710836776931,27.588407600789292
0.1,4,mixnet_attribution,22,0.12545427013930951,0.10081848632207349,3.380772786204837,295.32684736523316,1.870549934974406,11.234941562154088,0.030058299349770022,0.875,0.0,0.875,0.03435234211402288,29.11009667640078
0.1,4,mixnet_attribution,23,0.10991445157347998,0.10022931020567627,3.3879047363883865,298.2503055300947,1.8907366818166338,11.578544231474428,0.025122167790143243,0.875,0.0,0.875,0.02871104890302085,34.82979682761727
0.1,4,mixnet_attribution,24,0.09632819582955576,0.10025886515437674,3.3866356351096916,294.9532336053188,1.87417207256658,11.662818061513438,0.030325491715875938,0.875,0.0,0.875,0.03465770481814393,28.85361293389752
0.1,4,mixnet_attribution,25,0.11261058629479682,0.10001112527382004,3.3891281176661003,292.5931174089069,1.896909939154284,12.132385691138554,0.02857532203845672,0.875,0.0,0.875,0.032657510901093395,30.62082725865428
0.1,4,mixnet_attribution,26,0.11484679452892183,0.10005566689686529,3.389937944863513,297.9845648353328,1.8628432032419369,11.996634792020291,0.029757146273298292,0.875,0.0,0.875,0.03400816716948376,29.40470137706571
0.1,4,mixnet_attribution,27,0.10079855356335694,0.09998744922686925,3.3905013642182977,293.6951936115715,1.8681177633989137,11.615871967972222,0.0329300952872175,0.875,0.0,0.875,0.037634394613962854,26.57143844766369
0.1,4,mixnet_attribution,28,0.10702035216098787,0.10018476455161036,3.388908709058108,297.42762405671164,1.886582263483433,11.806498224312652,0.03167215634086138,0.875,0.0,0.875,0.03619675010384158,27.626789618714128
0.1,4,mixnet_attribution,29,0.10685056077599273,0.09971944238355034,3.394875619150142,295.40284934828736,1.8737028132018168,11.587877097259147,0.033857290511051574,0.875,0.0,0.875,0.03869404629834466,25.843769149642547
0.1,4,mixnet_attribution_oracle,0,0.38702427329937067,0.3723106254111894,1.6123224144024784,292.193661971831,1.8821195430355147,11.918176744152792,0.026773868473524004,0.875,0.0,0.875,0.030598706826884575,32.68111968448882
0.1,4,mixnet_attribution_oracle,1,0.3677054689886954,0.370075926999276,1.6172647214655957,297.7450351359609,1.8728340056550223,11.834911498168996,0.02543612742152676,0.875,0.0,0.875,0.029069859910316298,34.399890576876174
0.1,4,mixnet_attribution_oracle,2,0.3775222721388868,0.3698077521100825,1.6151875209565316,297.1495469428158,1.8847967600158881,11.829074442373184,0.03216175172510057,0.875,0.0,0.875,0.036756287685829225,27.206229544925815
0.1,4,mixnet_attribution_oracle,3,0.3725208175624527,0.3702688561845518,1.6189929669163012,295.21279333838004,1.8577650287770666,11.288874792448278,0.025049755198051773,0.875,0.0,0.875,0.028628291654916312,34.930481079833164
0.1,4,mixnet_attribution_oracle,4,0.37068181818181817,0.3686645149303882,1.6239148752003503,295.5822727272727,1.8755098043766338,11.35877056917638,0.03004232755063076,0.875,0.0,0.875,0.0343340886292923,29.125572861335396
0.1,4,mixnet_attribution_oracle,5,0.37209126624357813,0.37019890055091925,1.6195852268349915,294.4914626775461,1.888649394910317,12.052288449853561,0.03269389665588639,0.875,0.0,0.875,0.037364453321013014,26.76340508473652
0.1,4,mixnet_attribution_oracle,6,0.3753001200480192,0.3724910287698086,1.6105947920537247,292.44342737094837,1.8879860905290116,11.689908756238037,0.02588681414387243,0.875,0.0,0.875,0.029584930450139917,33.800992085660646
0.1,4,mixnet_attribution_oracle,7,0.37231376718049963,0.3677050857213182,1.6241928655451678,296.24140025818207,1.8768152824486606,11.35265597669282,0.02981564533270337,0.875,0.0,0.875,0.03407502323737528,29.347008600221507
0.1,4,mixnet_attribution_oracle,8,0.3763993948562784,0.3708712083615202,1.616241774047449,294.85484114977305,1.878113588114502,11.910200613922864,0.03357536357209058,0.875,0.0,0.875,0.038371844082389236,26.06077513118402
0.1,4,mixnet_attribution_oracle,9,0.3830266616597822,0.3663210156784312,1.6309361585030473,292.8844911753661,1.8643046324141324,11.728108366543537,0.029204122258466286,0.875,0.0,0.875,0.033376139723961466,29.961523659432604
0.1,4,mixnet_attribution_oracle,10,0.3627488368545496,0.3688795983052084,1.6197278508317647,297.364198001678,1.8686027649964672,11.912959320877217,0.024596234650502563,0.875,0.0,0.875,0.028109982457717213,35.5745508380943
0.1,4,mixnet_attribution_oracle,11,0.38343276732446074,0.3716516397094483,1.6144729920711827,298.3472540920912,1.8599608673539478,12.003132306956157,0.026482148047597135,0.875,0.0,0.875,0.030265312054396726,33.041126362836465
0.1,4,mixnet_attribution_oracle,12,0.37490465293668956,0.37174445211368273,1.6101373700106225,297.405644546148,1.8735172091110144,11.790629602682678,0.026060575021231998,0.875,0.0,0.875,0.029783514309979425,33.575621385449956
0.1,4,mixnet_attribution_oracle,13,0.3783139936986091,0.37043847734933283,1.6172720455123377,299.7012987012987,1.8644471739826258,11.578384379066588,0.02619971355851906,0.875,0.0,0.875,0.02994252978116464,33.39731169371836
0.1,4,mixnet_attribution_oracle,14,0.3779714132844149,0.3708587525303223,1.6189699611860255,298.1213788886341,1.8703490765183233,11.233082884976247,0.02988876870186715,0.875,0.0,0.875,0.03415859280213389,29.275210656146527
0.1,4,mixnet_attribution_oracle,15,0.3765133171912833,0.3737534110232069,1.6056249532166207,295.0481991525424,1.8851362032582983,11.821505873737662,0.027770762923439038,0.875,0.0,0.875,0.031738014769644614,31.507956854202366
0.1,4,mixnet_attribution_oracle,16,0.3755398954307797,0.37076408593024307,1.6148428749386932,295.58877017503977,1.9009204884932842,12.096832855693393,0.031148579659436997,0.875,0.0,0.875,0.03559837675364228,28.091168508060807
0.1,4,mixnet_attribution_oracle,17,0.3828348113632948,0.37214148403152686,1.6148635231490667,293.12415451675935,1.869644041202264,11.57015375737914,0.02824488284433369,0.875,0.0,0.875,0.03227986610780993,30.979062820773464
0.1,4,mixnet_attribution_oracle,18,0.38765060240963856,0.3698364843091921,1.6176804970724756,293.4009789156627,1.873268168012146,11.22682469694845,0.028325314569304025,0.875,0.0,0.875,0.0323717880792046,30.891095590805275
0.1,4,mixnet_attribution_oracle,19,0.38344607433305467,0.3713113644107788,1.6146175845727715,296.4507106483241,1.8998864570748992,11.861954483289322,0.02803392211330489,0.875,0.0,0.875,0.0320387681294913,31.212186309982123
0.1,4,mixnet_attribution_oracle,20,0.37628434431844127,0.37300756255628875,1.6095752319914882,296.87244082502474,1.8914232649549376,12.581436922098653,0.027444003611913615,0.875,0.0,0.875,0.0313645755564727,31.883103222598212
0.1,4,mixnet_attribution_oracle,21,0.3734785875281743,0.37283003710143664,1.6127140123530943,293.05281743050335,1.871677026618272,11.712729652185388,0.02888695282047583,0.875,0.0,0.875,0.033013660366258094,30.29049153913448
0.1,4,mixnet_attribution_oracle,22,0.3732645474546696,0.37238389821310314,1.6103531603753525,295.9185949472726,1.8759061502641998,11.747988231317903,0.02644851206341806,0.875,0.0,0.875,0.03022687092962064,33.0831465264258
0.1,4,mixnet_attribution_oracle,23,0.3718389487355795,0.3690666805581843,1.6197348368584341,298.1428680571472,1.8782507778669242,12.064722517657467,0.025835959020393838,0.875,0.0,0.875,0.029526810309021528,33.86752546361105
0.1,4,mixnet_attribution_oracle,24,0.3792944076413496,0.3715074511042155,1.6163470579966746,300.42759205053153,1.8751661312708165,11.810162368233772,0.027856363754924715,0.875,0.0,0.875,0.03183584429134253,31.41113490971373
0.1,4,mixnet_attribution_oracle,25,0.38240437989506504,0.37165893346334855,1.6135277690641532,296.59866169873015,1.89944509282941,11.635700411705443,0.027913687592796138,0.875,0.0,0.875,0.03190135724890987,31.346628677818146
0.1,4,mixnet_attribution_oracle,26,0.39137368061356215,0.3704707607400212,1.6194999999989392,296.18665046700585,1.8748267976916395,11.757881701245415,0.025030188754216674,0.875,0.0,0.875,0.028605930004819057,34.95778671875155
0.1,4,mixnet_attribution_oracle,27,0.373267250058081,0.3665026846319858,1.6306021525727732,301.9110973437621,1.8699750376690645,11.475497216415013,0.03737910184564463,0.875,0.0,0.875,0.042718973537879575,23.408802159379707
0.1,4,mixnet_attribution_oracle,28,0.3819918144611187,0.37121326792949694,1.6174341132638501,295.5622252539033,1.8620944822905585,11.435656126060165,0.03355908729722039,0.875,0.0,0.875,0.03835324262539473,26.073414698393
0.1,4,mixnet_attribution_oracle,29,0.37195588911012406,0.3713053640795146,1.6117106417183444,298.7950681574514,1.879413283226313,11.652489425487957,0.02465611231969552,0.875,0.0,0.875,0.028178414079652023,35.48815760792273
0.2,1,mixnet_attribution,0,0.046845768165831025,0.04997231155154129,4.352526478266652,582.826910124972,1.875102760415757,12.017012560654827,0.029277580253996738,0.875,0.0,0.875,0.03346009171885341,29.88634963712727
0.2,1,mixnet_attribution,1,0.04441887226697353,0.05007556611223142,4.350352408349902,597.1838128116609,1.8325988499564119,11.34816499954686,0.030692804381490434,0.875,0.0,0.875,0.03507749072170335,28.50831058395161
0.2,1,mixnet_attribution,2,0.05375682534799662,0.049881091588321075,4.355778655012382,598.8667999692378,1.8796888388169464,11.997559051946904,0.028768384966582235,0.875,0.0,0.875,0.03287815424752256,30.41533269999037
0.2,1,mixnet_attribution,3,0.05727005206368369,0.050258323522329645,4.3466898100829345,587.2048592771448,1.8941272635711357,11.703080507343424,0.0321156422953384,0.875,0.0,0.875,0.03670359119467246,27.245290377611617
0.2,1,mixnet_attribution,4,0.054786181707502664,0.05015436891790474,4.347583086960228,592.4147009587582,1.8401098050526343,11.49921459142416,0.04341268621483079,0.875,0.0,0.875,0.04961449853123519,20.1553987161725
0.2,1,mixnet_attribution,5,0.05437245129134572,0.05001400844855352,4.351393820509844,587.8818909530282,1.813540648581693,11.42930128968481,0.024203255976595516,0.875,0.0,0.875,0.027660863973252018,36.152160719455374
0.2,1,mixnet_attribution,6,0.04816531185899871,0.05002183863230981,4.3509689906607045,591.4436678568716,1.8662231965281535,11.876266050380933,0.029172764830735276,0.875,0.0,0.875,0.03334030266369746,29.993728913830424
0.2,1,mixnet_attribution,7,0.055260933056644375,0.05007283643103334,4.350833190097619,598.4043501652448,1.8105712071119342,11.149978509406848,0.02961061935938649,0.875,0.0,0.875,0.03384070783929884,29.550209314437296
0.2,1,mixnet_attribution,8,0.05676025260594993,0.05009265102676851,4.351346209317017,592.6210149889675,1.926563096465543,11.769215442532804,0.02455537452441156,0.875,0.0,0.875,0.02806328517075607,35.63374686588977
0.2,1,mixnet_attribution,9,0.05902332251490679,0.05016374018615974,4.349133933409683,587.691750320779,1.865610889828531,11.950897191587298,0.028310351711544904,0.875,0.0,0.875,0.032354687670337036,30.907422447993707
0.2,1,mixnet_attribution,10,0.050848730659456214,0.0500241413314,4.3512546592599035,584.8688598467778,1.8726656057988293,11.884073002118784,0.028935135977648244,0.875,0.0,0.875,0.03306872683159799,30.24005142660875
0.2,1,mixnet_attribution,11,0.050566496844346435,0.049900131676048405,4.355149764869693,591.8504296251235,1.8335887654684484,11.310394536999162,0.026760086230519616,0.875,0.0,0.875,0.030582955692022417,32.69795143642217
0.2,1,mixnet_attribution,12,0.06318475161338737,0.05002750375553074,4.351453287108533,584.3815098304067,2.0150435320974793,12.782698795048521,0.032715663020469764,0.875,0.0,0.875,0.03738932916625116,26.745598872702775
0.2,1,mixnet_attribution,13,0.05391104294478528,0.05012273712796094,4.3488694129703065,596.8289110429448,1.9885189221822657,12.418038268701151,0.02261736881650784,0.875,0.0,0.875,0.025848421504580388,38.6870819103131
0.2,1,mixnet_attribution,14,0.05287702143663031,0.050121080274461105,4.35050956971814,585.5249341857841,1.8157284660555888,10.934117708647616,0.038971849495142125,0.875,0.0,0.875,0.04453925656587671,22.45210353973756
0.2,1,mixnet_attribution,15,0.05827894976475945,0.05009501469481903,4.3506974328974035,590.45871907725,1.8034244226873852,11.78375980999353,0.028452586858644404,0.875,0.0,0.875,0.032517242124165034,30.75291552037418
0.2,1,mixnet_attribution,16,0.06110608800482218,0.05013148307988816,4.349256833938919,586.7269439421339,1.8583183269947767,11.66670080242376,0.029371279835424893,0.875,0.0,0.875,0.03356717695477131,29.79100689186369
0.2,1,mixnet_attribution,17,0.05591547123245411,0.04983503851576632,4.355938418848709,600.6925805954033,1.8436490460298955,11.736881944450984,0.02759788554038628,0.875,0.0,0.875,0.03154044061758432,31.705327522992288
0.2,1,mixnet_attribution,18,0.0502358313992663,0.05003568903953426,4.3499496946867815,583.2427191734671,1.8388209514087066,11.63489379632671,0.024254222675769762,0.875,0.0,0.875,0.027719111629451156,36.076192244830615
0.2,1,mixnet_attribution,19,0.060081544734210325,0.05012274408820176,4.349720439108277,598.8228325255789,2.0185649218037724,12.15803020579303,0.03465060776219551,0.875,0.0,0.875,0.039600694585366296,25.252082330129923
0.2,1,mixnet_attribution,20,0.047432001778700064,0.0501393568168844,4.348023323645297,577.0767064403765,1.8426064418454189,11.403882236943563,0.024867688736226218,0.875,0.0,0.875,0.02842021569854425,35.18622133649824
0.2,1,mixnet_attribution,21,0.04939676758479399,0.05021106326022666,4.3460529308375095,590.9971166249336,1.8598285290354397,11.775237600603656,0.029342657399594695,0.875,0.0,0.875,0.033534465599536795,29.820066672355523
0.2,1,mixnet_attribution,22,0.051390748177896774,0.0501207831368805,4.348930160833086,578.9116465863453,1.8586252505483571,11.598982805541363,0.0308276827277797,0.875,0.0,0.875,0.0352316374031768,28.383580035080374
0.2,1,mixnet_attribution,23,0.05155102652480144,0.0500719235763108,4.350016362915089,583.6089465008242,1.8373751437757164,10.997066556783203,0.0290652559790187,0.875,0.0,0.875,0.0332174354045928,30.104672074164256
0.2,1,mixnet_attribution,24,0.05524100994644223,0.050232238713651865,4.346897759561892,596.0408569242541,1.8203225961187854,11.007960868787512,0.03155311788835833,0.875,0.0,0.875,0.036060706158123804,27.731015460847225
0.2,1,mixnet_attribution,25,0.06423545433910872,0.050079707139547236,4.3513674771693625,589.0410077929939,1.9056924731121399,11.56288211176287,0.034676430768470545,0.875,0.0,0.875,0.03963020659253776,25.23327749162672
0.2,1,mixnet_attribution,26,0.04681404421326398,0.04995640949174354,4.35238398651224,595.7683775720951,1.8774388935125899,11.524947610379927,0.03260967933031058,0.875,0.0,0.875,0.037268204948926374,26.8325238999419
0.2,1,mixnet_attribution,27,0.050923123486682806,0.049952204044392844,4.354077145478503,588.9270581113801,1.95011110973428,12.240514878093526,0.027119112256042834,0.875,0.0,0.875,0.03099327114976324,32.26506796161912
0.2,1,mixnet_attribution,28,0.04953560371517028,0.05006792253383747,4.351741169210111,588.2561353167712,1.9241900017368607,12.042400684726905,0.03012667711932585,0.875,0.0,0.875,0.0344304881363724,29.04402621418542
0.2,1,mixnet_attribution,29,0.0715690724769254,0.05023911588470688,4.34872900834101,589.3442275684672,1.870986489666393,11.68496607481267,0.03551334346817719,0.875,0.0,0.875,0.04058667824934536,24.638626345730312
0.2,1,mixnet_attribution_oracle,0,0.04832142582776369,0.05008275895803898,4.350568049507985,598.3895674886687,1.8771596740116365,11.384813881705254,0.03242387759696196,0.875,0.0,0.875,0.037055860110813674,26.986284949520822
0.2,1,mixnet_attribution_oracle,1,0.05580357142857143,0.05006890315214051,4.35122388976042,599.0696582512315,1.8164792335301172,11.258770631826554,0.03215649630453289,0.875,0.0,0.875,0.03675028149089473,27.210675930407785
0.2,1,mixnet_attribution_oracle,2,0.047469805840085616,0.05011378997296002,4.349627842071918,594.8431432502675,1.8746175979322288,11.668772424358815,0.029998998839185456,0.875,0.0,0.875,0.03428457010192624,29.167640049942356
0.2,1,mixnet_attribution_oracle,3,0.05383397421397874,0.05008211392464,4.351491401013435,587.2329035663123,1.886212661222089,11.750936069409155,0.03214906196725526,0.875,0.0,0.875,0.036741785105434584,27.216968286390827
0.2,1,mixnet_attribution_oracle,4,0.06927122464312548,0.05014272389652036,4.351000870125868,584.7818933132983,1.8831482384121045,12.320782700891767,0.03222523604421999,0.875,0.0,0.875,0.03682884119339428,27.15263276269911
0.2,1,mixnet_attribution_oracle,5,0.06216871119188248,0.0501531756640357,4.349215564844771,589.3954263213691,1.833045066188788,11.863807114254733,0.028862109165129168,0.875,0.0,0.875,0.032985267617290474,30.316564704050244
0.2,1,mixnet_attribution_oracle,6,0.0534502478078536,0.0501483973419939,4.349265406529905,593.7395348837209,1.8320279634208418,11.202259508273242,0.03241673799798497,0.875,0.0,0.875,0.03704770056912569,26.99222852263513
0.2,1,mixnet_attribution_oracle,7,0.05649500384319754,0.049848636027956195,4.35771178845712,598.4599538816295,1.8731931392394472,11.795336601439969,0.029583486602957346,0.875,0.0,0.875,0.03380969897480839,29.57731155030691
0.2,1,mixnet_attribution_oracle,8,0.05538671934356481,0.050086579172586104,4.350895950643211,591.7587752621182,1.9365864283463452,11.239797667884355,0.03466706822247799,0.875,0.0,0.875,0.03961950653997485,25.24009225079649
0.2,1,mixnet_attribution_oracle,9,0.049868766404199474,0.050183894083579005,4.3475092085859135,583.8817397825272,1.8223151967104059,10.794811863166828,0.03290617145915925,0.875,0.0,0.875,0.037607053096182,26.590756724342317
0.2,1,mixnet_attribution_oracle,10,0.04800059907143927,0.05000716767299989,4.351369884231709,583.0941290998952,1.8886970644525718,11.25645271698808,0.03320459735724055,0.875,0.0,0.875,0.03794811126541777,26.351772635158866
0.2,1,mixnet_attribution_oracle,11,0.045973534971644615,0.050039218522619694,4.351807896085349,588.7376937618147,1.9429176453850232,12.341883323472317,0.028198680533841846,0.875,0.0,0.875,0.032227063467247824,31.029820666605076
0.2,1,mixnet_attribution_oracle,12,0.054197901049475264,0.049998332928999724,4.351712113647523,583.8630434782609,1.8697663126513362,11.840749052791843,0.024751670834917017,0.875,0.0,0.875,0.028287623811333734,35.351148851157284
0.2,1,mixnet_attribution_oracle,13,0.04926784624771202,0.050019406931111794,4.353515455023711,593.9087095790115,1.913648353307508,12.3610056293146,0.03259325192512482,0.875,0.0,0.875,0.037249430771571224,26.84604782640599
0.2,1,mixnet_attribution_oracle,14,0.0515625,0.0501727488817677,4.347816790977319,579.1082589285714,1.9401488120493013,11.359069310656327,0.026398628828321995,0.875,0.0,0.875,0.03016986151808228,33.145660923920744
0.2,1,mixnet_attribution_oracle,15,0.05210006885471655,0.05008856669302517,4.349983273902271,595.6323158136332,1.8807713128626347,12.126332719019421,0.031041240288616996,0.875,0.0,0.875,0.03547570318699085,28.188306648328986
0.2,1,mixnet_attribution_oracle,16,0.05459488031412822,0.04987606173414375,4.355695236497107,588.043796722797,1.8267480759241153,11.55232466694706,0.030529932918339435,0.875,0.0,0.875,0.03489135190667364,28.660397071307827
0.2,1,mixnet_attribution_oracle,17,0.047619047619047616,0.04998801968398578,4.352863273774501,600.5508219495254,1.9484620693256147,11.44066807901231,0.0346036445701976,0.875,0.0,0.875,0.03954702236594011,25.286353818163825
0.2,1,mixnet_attribution_oracle,18,0.045402518122853876,0.04989616241209009,4.354703250707169,594.1769553605494,1.8959159228252247,11.7526130422759,0.03115434705049032,0.875,0.0,0.875,0.035604968057703225,28.085968182287065
0.2,1,mixnet_attribution_oracle,19,0.05256054584989128,0.04995309004383411,4.353595100758894,583.7029316937842,1.8258942504471634,11.252338226541116,0.03039136575060285,0.875,0.0,0.875,0.034732989429260404,28.791072016322374
0.2,1,mixnet_attribution_oracle,20,0.05648912228057014,0.050067305947501306,4.349845005706561,584.0046511627907,1.9782792292244267,12.80396572194215,0.024640784935192946,0.875,0.0,0.875,0.028160897068791938,35.5102324175676
0.2,1,mixnet_attribution_oracle,21,0.048097684461320823,0.05017973126825558,4.348565787208801,579.5660784751694,1.8966399070923217,11.460075572407758,0.03804360844767555,0.875,0.0,0.875,0.04347840965448634,22.999921293046064
0.2,1,mixnet_attribution_oracle,22,0.049640610961365676,0.0501525949322801,4.346534170800081,582.8572926025756,1.9438934574718587,11.861858946766729,0.029033593276447348,0.875,0.0,0.875,0.03318124945879697,30.137502846050342
0.2,1,mixnet_attribution_oracle,23,0.05078034008851619,0.050177789809641736,4.3469690250839506,604.5144032921811,1.9098174992250279,12.000918118240577,0.025909630445567673,0.875,0.0,0.875,0.02961100622350591,33.77122656528222
0.2,1,mixnet_attribution_oracle,24,0.05521007128772941,0.05011805055851014,4.349680856784122,590.4092219020173,1.8676215048471931,11.436103048210933,0.035267991768768645,0.875,0.0,0.875,0.040306276307164164,24.810031876406722
0.2,1,mixnet_attribution_oracle,25,0.04981801637852593,0.049932635920285136,4.355119812154628,590.9280406430088,1.851411145995371,12.042846613108841,0.03544822352408896,0.875,0.0,0.875,0.04051225545610167,24.68388858486493
0.2,1,mixnet_attribution_oracle,26,0.05224908200734394,0.050208077700297435,4.346720056619588,595.4789626682987,1.9304242910002358,12.54483524008077,0.031158862895259255,0.875,0.0,0.875,0.035610129023153435,28.08189769123857
0.2,1,mixnet_attribution_oracle,27,0.055706316900346754,0.050039681203500885,4.350568354940855,586.7363184079602,1.8621490757213905,11.652752699343907,0.030196919864529354,0.875,0.0,0.875,0.03451076555946212,28.97646527942123
0.2,1,mixnet_attribution_oracle,28,0.0500785986975073,0.050081268183687876,4.350731459828046,582.6826109738753,1.8567425142682623,11.794258733193628,0.03295861418150913,0.875,0.0,0.875,0.03766698763601044,26.548446338830104
0.2,1,mixnet_attribution_oracle,29,0.04564820450395618,0.05031015114887227,4.344614261223211,592.5173463177115,1.8874467335699592,11.374236675271788,0.0350557388904029,0.875,0.0,0.875,0.040063701589031886,24.960249810610783
0.2,4,mixnet_attribution,0,0.048166184751179425,0.04985247193853427,4.353968005762667,592.1470095875818,1.871865072811488,11.604846193520737,0.028042736251260997,0.875,0.0,0.875,0.03204884143001257,31.202375979293173
0.2,4,mixnet_attribution,1,0.046657119167860105,0.05022547546776822,4.347405339551966,586.8402803949649,1.8988431035540998,12.141259085014143,0.03667560389184819,0.875,0.0,0.875,0.04191497587639793,23.857821198534772
0.2,4,mixnet_attribution,2,0.046875,0.050041682720794095,4.351156480082632,596.4689031862745,1.8658406898612157,11.596148038229067,0.031071357556611053,0.875,0.0,0.875,0.035510122921841206,28.16098390312612
0.2,4,mixnet_attribution,3,0.05007207343904104,0.04995342916384302,4.354079031995164,590.9328579015249,1.8759775251382962,11.4542120369217,0.03408840403263723,0.875,0.0,0.875,0.03895817603729969,25.668552835804505
0.2,4,mixnet_attribution,4,0.04837244511733535,0.05009435414461081,4.350511811912571,589.5690386071158,1.8585433231201023,11.415138827241538,0.02645175501058989,0.875,0.0,0.875,0.030230577154959876,33.07909058017874
0.2,4,mixnet_attribution,5,0.05250211392113152,0.050067937454049465,4.350106727774469,598.7318010608041,1.8695588530681562,11.744328117501434,0.030313923709165747,0.875,0.0,0.875,0.03464448423904657,28.864623675734666
0.2,4,mixnet_attribution,6,0.05088195386702849,0.050146110741198374,4.349166481443446,587.1054575606814,1.8787645324191544,11.640331673755025,0.0336056987220924,0.875,0.0,0.875,0.038406512825248464,26.037250623352598
0.2,4,mixnet_attribution,7,0.06132542037586548,0.05026016440273098,4.346068409774211,592.4193867457963,1.8753693512699101,11.805862257651011,0.029858859309019492,0.875,0.0,0.875,0.03412441063887942,29.304535412566413
0.2,4,mixnet_attribution,8,0.04145671094823637,0.049996955976713324,4.35313033362898,594.4423576118492,1.9020709608739708,11.978574982695429,0.031634926825487075,0.875,0.0,0.875,0.036154202086270945,27.659302163931205
0.2,4,mixnet_attribution,9,0.057332115121059846,0.04992285949168961,4.356027415583234,593.1463377493528,1.8935422066715546,12.452566590807102,0.03249090298950143,0.875,0.0,0.875,0.0371324605594302,26.930615018078537
0.2,4,mixnet_attribution,10,0.05403158769742311,0.05017393834296722,4.34865807310497,588.3426282777904,1.8764052952756174,11.534523732920961,0.026568324504008922,0.875,0.0,0.875,0.030363799433153055,32.93395486297867
0.2,4,mixnet_attribution,11,0.05437011162578784,0.05000216838879034,4.353227477134523,591.0391829296074,1.8742371549014933,11.626713385478572,0.03713619755462395,0.875,0.0,0.875,0.04244136863385594,23.561916879426203
0.2,4,mixnet_attribution,12,0.05971283142140849,0.05014245322841825,4.349358853450688,591.4555192585277,1.8825583180296235,11.62124639443424,0.034516133237826103,0.875,0.0,0.875,0.0394470094146584,25.35046420092882
0.2,4,mixnet_attribution,13,0.05259984928409947,0.04991204868770965,4.354324708294647,586.8352675207234,1.864098639023723,11.181927102443735,0.027798884303705015,0.875,0.0,0.875,0.03177015348994859,31.476083372287736
0.2,4,mixnet_attribution,14,0.05089211774448543,0.050124598322220326,4.34940363502935,586.1787999698863,1.8903919596341439,12.013616508293081,0.023242007147638705,0.875,0.0,0.875,0.026562293883015665,37.64735095561213
0.2,4,mixnet_attribution,15,0.045820243659489696,0.050263231195716414,4.345788215390839,596.3283273312389,1.9034771588339936,11.868590703080574,0.03147811022464883,0.875,0.0,0.875,0.035974983113884376,27.797094353994417
0.2,4,mixnet_attribution,16,0.060109289617486336,0.050373507301909544,4.344166482655135,590.9943078324226,1.8863132429250982,11.468955220726162,0.03415146351415731,0.875,0.0,0.875,0.03903024401617978,25.62115675181163
0.2,4,mixnet_attribution,17,0.05013906637600541,0.05003631074930895,4.350790161139858,585.5227392317522,1.8661421469587367,11.519449564236217,0.02725575680412785,0.875,0.0,0.875,0.031149436347574687,32.1033096342965
0.2,4,mixnet_attribution,18,0.051634187509590306,0.05033535590877818,4.344959452858593,596.8959644007979,1.886221778782783,11.394211152127665,0.028010690240375953,0.875,0.0,0.875,0.03201221741757252,31.23807348162856
0.2,4,mixnet_attribution,19,0.04879550527206958,0.05018684491885931,4.346940034413941,599.2258138997922,1.8653329138760455,11.858874985465595,0.02485460141330816,0.875,0.0,0.875,0.028405258758066466,35.204748828983014
0.2,4,mixnet_attribution,20,0.06351030414464108,0.04996568581622904,4.354039696421712,596.6636022370336,1.8713651628931984,11.808937293542195,0.025987485892085438,0.875,0.0,0.875,0.029699983876669073,33.67005194859899
0.2,4,mixnet_attribution,21,0.056811377245508984,0.05007920099190476,4.351786112092117,582.6810628742516,1.8747234483307693,11.833165985795851,0.03504841100173574,0.875,0.0,0.875,0.04005532685912656,24.965468476064906
0.2,4,mixnet_attribution,22,0.0532867769849704,0.04996944443258783,4.354114046859764,591.2378928191893,1.8722820523835253,11.865548057007132,0.029991460083604184,0.875,0.0,0.875,0.03427595438126192,29.174971727313384
0.2,4,mixnet_attribution,23,0.055832577818071924,0.05021819371780267,4.348615925155787,588.192656391659,1.8850222772744019,11.211192852868347,0.033435452709967374,0.875,0.0,0.875,0.03821194595424843,26.169826608603255
0.2,4,mixnet_attribution,24,0.054574516669203835,0.05015976769410336,4.348176827695319,592.7624448165626,1.8913056125165895,12.024481419764028,0.02738191023463565,0.875,0.0,0.875,0.03129361169672646,31.955403859779068
0.2,4,mixnet_attribution,25,0.05352630369859867,0.05007959107748174,4.350731226339082,596.1384485795237,1.8686526185483672,11.477607187334337,0.033676289943244925,0.875,0.0,0.875,0.03848718850656563,25.9826721255414
0.2,4,mixnet_attribution,26,0.05390264213793625,0.05022057837378192,4.347209489228566,589.6986902869256,1.8566628828120884,11.604222000654895,0.03251048323539531,0.875,0.0,0.875,0.03715483798330892,26.91439538638899
0.2,4,mixnet_attribution,27,0.0588101381089695,0.04996494484965097,4.352834360703868,590.9054484747306,1.854593642958207,11.948597151500397,0.029513300450687056,0.875,0.0,0.875,0.033729486229356634,29.647649928614825
0.2,4,mixnet_attribution,28,0.0559287493395728,0.05011321879051343,4.350372520582574,587.4395048682919,1.907502952759387,11.72632167044681,0.03976097068141231,0.875,0.0,0.875,0.04544110935018549,22.006504997350333
0.2,4,mixnet_attribution,29,0.04819554057160371,0.050046510980679165,4.351836185795838,596.5763543023523,1.8828817775065545,11.501664792214624,0.033298196582018255,0.875,0.0,0.875,0.03805508180802086,26.277699389657602
0.2,4,mixnet_attribution_oracle,0,0.19128031931225054,0.19928704858168397,2.444874670199542,597.7323457169174,1.8840781752078328,11.975938722925436,0.02915171958539791,0.875,0.0,0.875,0.033316250954740466,30.015382023580088
0.2,4,mixnet_attribution_oracle,1,0.20968111952282634,0.1979565082455793,2.452170851457603,595.4376386021258,1.8626932431652676,11.774408771255656,0.0348545325263193,0.875,0.0,0.875,0.03983375145865063,25.104338993480155
0.2,4,mixnet_attribution_oracle,2,0.19837163293258256,0.1987043721429137,2.445574733564797,592.2762897580277,1.860950890899403,11.126296390306775,0.027495663641049373,0.875,0.0,0.875,0.03142361558977071,31.82319988427839
0.2,4,mixnet_attribution_oracle,3,0.21560715645222686,0.19923870709346303,2.4452364429640867,593.0736962314427,1.8700099480338395,11.401452608800673,0.0382600320834698,0.875,0.0,0.875,0.04372575095253691,22.86981877304914
0.2,4,mixnet_attribution_oracle,4,0.20924222847153606,0.20046378859018593,2.43499979119889,592.2030098046667,1.8632385772361886,12.39158216436675,0.026125940273341496,0.875,0.0,0.875,0.029858217455247422,33.491617558845775
0.2,4,mixnet_attribution_oracle,5,0.2053612341530472,0.2001287303943532,2.4356453724787555,594.3294638765847,1.8691625294159167,11.547832415070129,0.02751111145005044,0.875,0.0,0.875,0.031441270228629074,31.80533078747699
0.2,4,mixnet_attribution_oracle,6,0.20674662668665666,0.20027887006337977,2.4389126663737395,583.5258620689655,1.8829957048001233,11.757101024560843,0.029174577783534505,0.875,0.0,0.875,0.03334237460975372,29.991865057729505
0.2,4,mixnet_attribution_oracle,7,0.20686747911397257,0.19907009657430863,2.442102027710874,596.8095347589484,1.8586594047083054,11.724795059466091,0.025711867277640216,0.875,0.0,0.875,0.02938499117444596,34.030978401981926
0.2,4,mixnet_attribution_oracle,8,0.21808550889141126,0.19997864229519163,2.4396933507743777,588.9925841846386,1.8788751471147407,11.473981964462158,0.03304189590328973,0.875,0.0,0.875,0.03776216674661683,26.48153128261877
0.2,4,mixnet_attribution_oracle,9,0.2108674353756877,0.198873376691641,2.4449456953087214,586.6684000301454,1.8872683151857927,11.772307527215283,0.030757345513947258,0.875,0.0,0.875,0.03515125201593972,28.448488820441984
0.2,4,mixnet_attribution_oracle,10,0.20577479811062013,0.19643843764498023,2.459956396703958,593.1215145512723,1.863293867179891,11.423054847382243,0.029231144875785257,0.875,0.0,0.875,0.03340702271518315,29.93382584630956
0.2,4,mixnet_attribution_oracle,11,0.20759920330933046,0.19943598195738504,2.446404019586752,596.3974260762984,1.896045159228379,12.274016608660565,0.024702970766202405,0.875,0.0,0.875,0.028231966589945607,35.420841010634206
0.2,4,mixnet_attribution_oracle,12,0.2233176488161924,0.19894973714979383,2.4468927811303556,581.8680259914855,1.8579428644152358,11.92242512367091,0.032122012926174795,0.875,0.0,0.875,0.036710871915628336,27.23988692772742
0.2,4,mixnet_attribution_oracle,13,0.20292182958543675,0.19854886178082498,2.4482434666408692,595.5081076946611,1.8636404445569497,11.457125985863286,0.030056888604054706,0.875,0.0,0.875,0.034350729833205376,29.111462983629036
0.2,4,mixnet_attribution_oracle,14,0.2193684846653573,0.20107902675980263,2.434321599344315,588.452938510349,1.900357851118315,12.11289295375914,0.029705424047985998,0.875,0.0,0.875,0.033949056054841144,29.455899992759882
0.2,4,mixnet_attribution_oracle,15,0.2049469964664311,0.2006431630837211,2.4340554907962098,585.3134350800692,1.8762522095057648,12.088891494269099,0.02828066781937367,0.875,0.0,0.875,0.032320763222141335,30.939863428563783
0.2,4,mixnet_attribution_oracle,16,0.2110621486096338,0.20007924207368932,2.440012366540145,591.4476523324722,1.8736518040241208,11.591576521027394,0.02967955986695509,0.875,0.0,0.875,0.03391949699080581,29.481569265931597
0.2,4,mixnet_attribution_oracle,17,0.20007595898214964,0.19896400921655735,2.4449586658961353,590.969008735283,1.871346772153629,11.964289455604776,0.026101021130574407,0.875,0.0,0.875,0.02982973843494218,33.523592645003305
0.2,4,mixnet_attribution_oracle,18,0.2025735860687317,0.1996253795524545,2.444054027448587,599.6701340730467,1.8517712433822453,11.78745279113932,0.03086276325692961,0.875,0.0,0.875,0.035271729436490984,28.35131749920469
0.2,4,mixnet_attribution_oracle,19,0.20207643695455912,0.199262660148985,2.445876948136736,585.7739993981343,1.8818581660743803,11.38138869743737,0.03209826318431611,0.875,0.0,0.875,0.03668372935350413,27.260041921132462
0.2,4,mixnet_attribution_oracle,20,0.20692266909035825,0.20135437875388168,2.435373177009332,589.5579035067788,1.8781944945803843,11.72624673789873,0.029952123392183547,0.875,0.0,0.875,0.03423099816249548,29.21328777072093
0.2,4,mixnet_attribution_oracle,21,0.20355461036001823,0.19853082321104132,2.446196317698152,591.6029166033724,1.8738565294188447,11.717033285812382,0.021779955318960965,0.875,0.0,0.875,0.02489137750738396,40.174554409588325
0.2,4,mixnet_attribution_oracle,22,0.20393082958787231,0.1997418431857144,2.4428795966896093,593.080444884589,1.8957611301448196,11.84782659051945,0.036953342948657736,0.875,0.0,0.875,0.042232391941323125,23.67850727918468
0.2,4,mixnet_attribution_oracle,23,0.21076504384638645,0.19814997228909803,2.4501077138374923,588.7628515270638,1.8586682958120946,11.945442498722427,0.03511478199874162,0.875,0.0,0.875,0.04013117942713328,24.918280854808
0.2,4,mixnet_attribution_oracle,24,0.20883869011522135,0.20015852916214588,2.439062735506399,590.5618556701031,1.8676455195236485,11.968228912544827,0.029987571713951538,0.875,0.0,0.875,0.03427151053023033,29.17875473034422
0.2,4,mixnet_attribution_oracle,25,0.20868138424821003,0.1996489396819821,2.442540428217136,580.6050119331742,1.859468153968919,11.463853202689167,0.02689893842563453,0.875,0.0,0.875,0.03074164391501089,32.52916476310196
0.2,4,mixnet_attribution_oracle,26,0.20926722511508566,0.19839669337799445,2.448271330657435,587.9693608029582,1.869685400655726,11.411504597092318,0.028575297643104167,0.875,0.0,0.875,0.03265748302069048,30.62085340031992
0.2,4,mixnet_attribution_oracle,27,0.21179905667440294,0.2005735816012694,2.436264992454712,583.1126750018717,1.8723523450898938,12.076190567925329,0.03625329089417675,0.875,0.0,0.875,0.04143233245048771,24.135739912663997
0.2,4,mixnet_attribution_oracle,28,0.21356574460022737,0.19884494358331337,2.4468592791665857,590.5371731716559,1.8897045869089197,12.182738005959044,0.04070244824440674,0.875,0.0,0.875,0.04651708370789342,21.497478351814895
0.2,4,mixnet_attribution_oracle,29,0.20457271364317842,0.19877450906423677,2.445742306237057,583.5371064467766,1.8799470399681013,11.752774753122315,0.024685793234699115,0.875,0.0,0.875,0.028212335125370417,35.445488491334885
